City_ID,City,Lat,Lng,Max Temp,Humidity,Cloudiness,Wind Speed,Country,Date
0,Bethel,41.3712,-73.414,77.36,80,0,7.02,US,2022-08-30 01:33:06
1,Nanortalik,60.1432,-45.2371,39.74,89,100,6.71,GL,2022-08-30 01:33:07
2,Kavaratti,10.5669,72.642,80.46,80,100,18.54,IN,2022-08-30 01:33:07
3,Qaqortoq,60.7167,-46.0333,39.65,88,97,4.74,GL,2022-08-30 01:33:08
4,Oppdal,62.5943,9.6912,40.01,92,81,1.86,NO,2022-08-30 01:33:08
5,Ambon,-3.6954,128.1814,82.54,83,75,3.44,ID,2022-08-30 01:33:09
6,Qaanaaq,77.484,-69.3632,26.1,66,0,4.18,GL,2022-08-30 01:33:09
7,Bambous Virieux,-20.3428,57.7575,66.45,88,40,3.44,MU,2022-08-30 01:33:09
8,Ushuaia,-54.8,-68.3,40.66,87,75,4.61,AR,2022-08-30 01:33:10
9,Rikitea,-23.1203,-134.9692,73.63,83,9,13.4,PF,2022-08-30 01:33:10
10,Akureyri,65.6835,-18.0878,58.93,67,0,16.11,IS,2022-08-30 01:33:11
11,Busselton,-33.65,115.3333,56.61,63,8,4.72,AU,2022-08-30 01:33:11
12,Nioro,13.35,-15.75,74.39,95,100,13.58,GM,2022-08-30 01:33:11
13,Asfi,32.2994,-9.2372,71.73,80,99,13.69,MA,2022-08-30 01:33:12
14,Yellowknife,62.456,-114.3525,61.32,59,75,6.91,CA,2022-08-30 01:33:12
15,Atuona,-9.8,-139.0333,76.91,74,3,21.05,PF,2022-08-30 01:33:13
16,Mataura,-46.1927,168.8643,57.47,50,19,4.52,NZ,2022-08-30 01:33:13
17,Upernavik,72.7868,-56.1549,35.83,87,100,15.14,GL,2022-08-30 01:33:13
18,Sitka,57.0531,-135.33,60.69,72,100,9.22,US,2022-08-30 01:33:14
19,Kawalu,-7.3817,108.2082,77.04,75,100,3.6,ID,2022-08-30 01:33:14
20,Juba,4.8517,31.5825,68.45,91,43,3.69,SS,2022-08-30 01:30:09
21,Khandbari,27.3747,87.2039,74.77,90,94,0.81,NP,2022-08-30 01:33:15
22,Kysyl-Syr,63.8986,122.7617,55.76,53,38,7.81,RU,2022-08-30 01:33:15
23,Tuktoyaktuk,69.4541,-133.0374,44.6,100,100,0.0,CA,2022-08-30 01:33:16
24,Avarua,-21.2078,-159.775,78.85,78,71,9.22,CK,2022-08-30 01:33:16
25,Talnakh,69.4865,88.3972,42.21,90,90,5.82,RU,2022-08-30 01:33:17
26,Praia Da Vitoria,38.7333,-27.0667,74.75,94,75,1.43,PT,2022-08-30 01:33:17
27,Leningradskiy,69.3833,178.4167,36.0,90,100,6.62,RU,2022-08-30 01:33:17
28,Bandarbeyla,9.4942,50.8122,75.47,82,15,21.5,SO,2022-08-30 01:33:18
29,Riyadh,24.6877,46.7219,80.74,16,0,6.69,SA,2022-08-30 01:29:08
30,Isangel,-19.55,169.2667,75.74,65,62,15.79,VU,2022-08-30 01:33:18
31,Provideniya,64.3833,-173.3,48.36,100,100,13.42,RU,2022-08-30 01:33:18
32,Touros,-5.1989,-35.4608,75.67,80,43,16.17,BR,2022-08-30 01:33:19
33,Akividu,16.6,81.3833,82.17,79,21,6.24,IN,2022-08-30 01:33:19
34,Hamilton,39.1834,-84.5333,75.15,90,40,13.8,US,2022-08-30 01:29:40
35,Souillac,-20.5167,57.5167,66.58,88,40,3.44,MU,2022-08-30 01:33:20
36,Albany,42.6001,-73.9662,82.81,66,0,6.78,US,2022-08-30 01:31:44
37,Turtas,58.9417,69.1325,60.03,80,44,5.32,RU,2022-08-30 01:33:20
38,Castro,-24.7911,-50.0119,41.05,88,100,8.84,BR,2022-08-30 01:33:21
39,Katsuura,35.1333,140.3,77.38,84,100,11.36,JP,2022-08-30 01:33:21
40,Punta Arenas,-53.15,-70.9167,42.91,81,75,4.61,CL,2022-08-30 01:33:22
41,Victoria,22.2855,114.1577,87.94,82,4,1.99,HK,2022-08-30 01:30:01
42,Yerbogachen,61.2767,108.0108,34.16,98,100,24.47,RU,2022-08-30 01:33:22
43,Abha,18.2164,42.5053,62.42,25,0,0.0,SA,2022-08-30 01:33:23
44,Benjamin Constant,-4.3831,-70.0311,75.33,98,20,2.13,BR,2022-08-30 01:33:23
45,Hailey,43.5196,-114.3153,82.8,43,0,9.22,US,2022-08-30 01:33:23
46,Norman Wells,65.282,-126.8329,68.04,52,40,11.5,CA,2022-08-30 01:33:24
47,Kodiak,57.79,-152.4072,62.11,63,100,4.61,US,2022-08-30 01:34:24
48,Melenki,55.3343,41.6295,60.26,76,84,7.14,RU,2022-08-30 01:34:25
49,New Norfolk,-42.7826,147.0587,54.9,80,100,1.41,AU,2022-08-30 01:34:25
50,Mercedes,-34.6515,-59.4307,46.63,71,0,8.61,AR,2022-08-30 01:34:25
51,Ternate,0.8,127.4,83.86,66,86,2.35,ID,2022-08-30 01:34:26
52,Jamestown,42.097,-79.2353,76.59,89,0,10.36,US,2022-08-30 01:29:37
53,Alofi,-19.0595,-169.9187,82.29,61,75,9.22,NU,2022-08-30 01:34:26
54,Hervey Bay,-25.2986,152.8535,71.02,71,95,4.0,AU,2022-08-30 01:34:27
55,Mahebourg,-20.4081,57.7,66.49,88,40,3.44,MU,2022-08-30 01:34:27
56,Puerto Ayora,-0.7393,-90.3518,69.55,90,48,5.01,EC,2022-08-30 01:34:28
57,Nome,64.5011,-165.4064,49.15,81,100,5.75,US,2022-08-30 01:34:28
58,Jalu,29.0331,21.5482,82.31,41,0,5.86,LY,2022-08-30 01:34:28
59,Cap Malheureux,-19.9842,57.6142,65.46,79,7,3.0,MU,2022-08-30 01:34:29
60,Rawson,-43.3002,-65.1023,58.66,29,100,12.08,AR,2022-08-30 01:30:56
61,Alice Springs,-23.7,133.8833,60.35,29,68,18.41,AU,2022-08-30 01:34:29
62,Srednekolymsk,67.45,153.6833,50.94,49,14,16.42,RU,2022-08-30 01:34:30
63,Beyneu,45.3167,55.2,76.03,21,13,8.57,KZ,2022-08-30 01:34:30
64,Airai,-8.9266,125.4092,76.12,43,8,4.76,TL,2022-08-30 01:34:31
65,Bonavista,48.6499,-53.1147,63.79,81,100,17.47,CA,2022-08-30 01:34:31
66,Port Elizabeth,-33.918,25.5701,53.31,71,75,5.75,ZA,2022-08-30 01:34:31
67,Dunedin,-45.8742,170.5036,46.8,77,90,5.39,NZ,2022-08-30 01:30:05
68,Torbay,47.6666,-52.7314,64.76,90,100,19.57,CA,2022-08-30 01:30:41
69,Calabozo,8.9242,-67.4293,74.44,92,99,1.05,VE,2022-08-30 01:34:32
70,Jiazi,22.8779,116.067,84.7,73,5,2.55,CN,2022-08-30 01:34:32
71,Hereford,52.0568,-2.7148,56.73,85,5,6.35,GB,2022-08-30 01:34:33
72,Bhatkal,13.9667,74.5667,77.61,91,99,11.3,IN,2022-08-30 01:34:33
73,Menongue,-14.6585,17.691,58.14,34,9,3.78,AO,2022-08-30 01:34:34
74,Tuatapere,-46.1333,167.6833,55.8,64,90,1.34,NZ,2022-08-30 01:34:34
75,Bushehr,28.9684,50.8385,86.09,70,0,4.61,IR,2022-08-30 01:34:34
76,Hilo,19.7297,-155.09,83.28,77,75,10.36,US,2022-08-30 01:30:30
77,Hobart,-42.8794,147.3294,55.26,95,75,10.36,AU,2022-08-30 01:33:40
78,Roma,43.2128,-75.4557,82.72,78,100,6.91,US,2022-08-30 01:30:45
79,Santa Helena,-2.2311,-45.3,71.78,98,22,3.18,BR,2022-08-30 01:34:35
80,Ilulissat,69.2167,-51.1,55.42,44,75,19.57,GL,2022-08-30 01:34:35
81,Tasiilaq,65.6145,-37.6368,46.56,95,100,27.92,GL,2022-08-30 01:34:36
82,Ust-Maya,60.4167,134.5333,68.56,41,22,6.46,RU,2022-08-30 01:34:36
83,Lagoa,39.05,-27.9833,73.29,88,15,3.98,PT,2022-08-30 01:34:36
84,Carnarvon,-24.8667,113.6333,67.89,34,4,10.58,AU,2022-08-30 01:34:37
85,Ovalle,-30.5983,-71.2003,59.32,72,0,1.63,CL,2022-08-30 01:34:37
86,Muros,42.7762,-9.0603,63.84,90,64,5.55,ES,2022-08-30 01:34:37
87,Saldanha,-33.0117,17.9442,48.25,64,0,19.15,ZA,2022-08-30 01:34:38
88,Tura,25.5198,90.2201,79.84,86,97,3.11,IN,2022-08-30 01:34:38
89,Port Blair,11.6667,92.75,82.44,83,75,0.0,IN,2022-08-30 01:33:16
90,Cabo San Lucas,22.8909,-109.9124,88.11,62,20,10.36,MX,2022-08-30 01:34:06
91,East London,-33.0153,27.9116,56.7,54,99,18.37,ZA,2022-08-30 01:35:39
92,Bolivar,37.6145,-93.4105,71.47,92,55,3.56,US,2022-08-30 01:35:39
93,Kapaa,22.0752,-159.319,82.72,72,40,13.8,US,2022-08-30 01:35:40
94,Hasaki,35.7333,140.8333,77.29,86,100,11.43,JP,2022-08-30 01:35:40
95,Mar Del Plata,-38.0023,-57.5575,49.87,69,0,14.0,AR,2022-08-30 01:35:41
96,Itarema,-2.9248,-39.9167,77.52,85,31,14.85,BR,2022-08-30 01:35:41
97,Qandala,11.472,49.8728,85.19,61,36,4.83,SO,2022-08-30 01:35:42
98,Longyearbyen,78.2186,15.6401,37.24,81,75,3.44,SJ,2022-08-30 01:35:42
99,Cape Town,-33.9258,18.4232,53.28,66,0,14.97,ZA,2022-08-30 01:35:42
100,Bredasdorp,-34.5322,20.0403,49.32,76,83,8.05,ZA,2022-08-30 01:34:31
101,At-Bashi,41.1702,75.8106,54.99,29,0,0.72,KG,2022-08-30 01:35:43
102,Khatanga,71.9667,102.5,42.17,89,100,7.61,RU,2022-08-30 01:35:43
103,Kanker,20.2719,81.4931,78.51,80,36,1.83,IN,2022-08-30 01:35:44
104,Grants,35.1473,-107.8514,79.03,19,0,5.75,US,2022-08-30 01:35:44
105,Filadelfia,39.9523,-75.1638,82.29,75,40,6.91,US,2022-08-30 01:35:45
106,Port Hedland,-20.3167,118.5667,78.85,14,81,21.85,AU,2022-08-30 01:35:45
107,Adrar,20.5022,-10.0711,90.81,41,86,9.53,MR,2022-08-30 01:35:45
108,Barra Patuca,15.8,-84.2833,80.33,84,99,9.8,HN,2022-08-30 01:35:46
109,Vaini,-21.2,-175.2,73.56,94,40,11.5,TO,2022-08-30 01:35:46
110,Noumea,-22.2763,166.4572,76.98,99,9,17.0,NC,2022-08-30 01:34:48
111,Plettenberg Bay,-34.0527,23.3716,53.76,64,100,9.42,ZA,2022-08-30 01:35:47
112,Bathsheba,13.2167,-59.5167,83.01,83,75,14.97,BB,2022-08-30 01:35:47
113,Saint-Philippe,-21.3585,55.7679,69.39,84,10,7.18,RE,2022-08-30 01:35:47
114,Barrow,71.2906,-156.7887,42.82,81,100,6.91,US,2022-08-30 01:35:48
115,Fort Stewart,31.8722,-81.61,80.69,67,75,0.0,US,2022-08-30 01:35:48
116,Saint-Louis,16.3333,-15.0,79.11,75,100,16.58,SN,2022-08-30 01:35:49
117,Geraldton,-28.7667,114.6,55.81,62,0,8.05,AU,2022-08-30 01:31:31
118,Pitimbu,-7.4706,-34.8086,73.99,84,5,11.63,BR,2022-08-30 01:35:49
119,Alexandria,31.2156,29.9553,78.76,78,40,9.22,EG,2022-08-30 01:32:37
120,Nikolskoye,59.7035,30.7861,60.69,87,100,9.28,RU,2022-08-30 01:35:50
121,Bluff,-46.6,168.3333,57.79,73,100,4.99,NZ,2022-08-30 01:35:50
122,Arraial Do Cabo,-22.9661,-42.0278,65.19,67,99,21.92,BR,2022-08-30 01:35:51
123,Yinchuan,38.4681,106.2731,72.1,34,20,5.73,CN,2022-08-30 01:35:51
124,Athabasca,54.7169,-113.2854,75.61,51,93,5.95,CA,2022-08-30 01:35:51
125,Bardiyah,31.7561,25.0865,76.77,79,0,10.92,LY,2022-08-30 01:35:52
126,Tashtyp,52.7939,89.8983,61.57,54,61,3.96,RU,2022-08-30 01:35:52
127,Pangody,65.85,74.4859,53.4,98,100,13.0,RU,2022-08-30 01:35:53
128,San Quintin,30.4833,-115.95,70.12,83,24,15.14,MX,2022-08-30 01:35:53
129,Brigantine,39.4101,-74.3646,78.01,90,0,4.61,US,2022-08-30 01:34:37
130,Petropavlovsk-Kamchatskiy,53.0452,158.6483,64.99,59,75,4.47,RU,2022-08-30 01:32:15
131,Mabaruma,8.2,-59.7833,74.93,87,5,2.75,GY,2022-08-30 01:36:54
132,Klaksvik,62.2266,-6.589,50.92,82,29,13.22,FO,2022-08-30 01:36:54
133,Georgetown,5.4112,100.3354,82.89,88,40,3.44,MY,2022-08-30 01:34:18
134,Hermanus,-34.4187,19.2345,46.8,71,11,15.66,ZA,2022-08-30 01:36:55
135,Erenhot,43.6475,111.9767,67.39,43,9,3.53,CN,2022-08-30 01:36:55
136,Lamu,-2.2717,40.902,75.42,79,90,11.52,KE,2022-08-30 01:36:55
137,Dikson,73.5069,80.5464,39.54,90,100,6.44,RU,2022-08-30 01:36:56
138,Chokurdakh,70.6333,147.9167,47.41,56,19,10.36,RU,2022-08-30 01:36:56
139,Outlook,51.5001,-107.0513,70.63,35,42,4.36,CA,2022-08-30 01:36:57
140,Matagami,49.7502,-77.6328,66.31,94,75,6.91,CA,2022-08-30 01:36:57
141,Sao Filipe,14.8961,-24.4956,78.39,79,100,9.04,CV,2022-08-30 01:36:57
142,Faanui,-16.4833,-151.75,78.55,67,2,10.13,PF,2022-08-30 01:36:58
143,Butaritari,3.0707,172.7902,82.24,69,100,15.64,KI,2022-08-30 01:36:58
144,Tiksi,71.6872,128.8694,43.77,91,100,3.04,RU,2022-08-30 01:36:58
145,Maniitsoq,65.4167,-52.9,41.2,90,79,4.14,GL,2022-08-30 01:36:59
146,Vitoria Da Conquista,-14.8661,-40.8394,59.92,87,62,8.61,BR,2022-08-30 01:36:59
147,San Ramon,37.7799,-121.978,79.38,60,0,13.8,US,2022-08-30 01:32:32
148,Kyra,49.5776,111.9753,52.56,62,83,4.72,RU,2022-08-30 01:37:00
149,Tazovskiy,67.4667,78.7,39.72,96,100,14.47,RU,2022-08-30 01:37:00
150,Formosa,-26.1775,-58.1781,53.58,71,0,4.61,AR,2022-08-30 01:37:01
151,Caravelas,-17.7125,-39.2481,69.96,79,62,19.04,BR,2022-08-30 01:37:01
152,Acapulco,16.8634,-99.8901,82.22,78,75,4.61,MX,2022-08-30 01:37:02
153,Bengkulu,-3.8004,102.2655,76.96,84,100,2.73,ID,2022-08-30 01:37:02
154,Guerrero Negro,27.9769,-114.0611,71.46,83,59,16.71,MX,2022-08-30 01:37:02
155,Hithadhoo,-0.6,73.0833,80.08,74,97,16.8,MV,2022-08-30 01:37:03
156,Hobyo,5.3505,48.5268,75.15,86,11,21.7,SO,2022-08-30 01:37:03
157,Cockburn Town,21.4612,-71.1419,83.14,80,100,17.76,TC,2022-08-30 01:33:29
158,Ribeira Grande,38.5167,-28.7,74.57,88,12,1.66,PT,2022-08-30 01:37:04
159,Alenquer,-1.9417,-54.7383,80.38,52,70,2.82,BR,2022-08-30 01:37:04
160,Hvide Sande,56.0045,8.1294,56.97,69,75,10.96,DK,2022-08-30 01:34:18
161,Gamba,-2.65,10.0,73.47,86,100,5.19,GA,2022-08-30 01:37:04
162,Mineiros,-17.5694,-52.5511,70.45,46,1,4.56,BR,2022-08-30 01:37:05
163,San Patricio,28.017,-97.5169,84.88,78,100,11.12,US,2022-08-30 01:37:05
164,Atasu,48.6814,71.6433,65.62,29,0,3.87,KZ,2022-08-30 01:37:06
165,Sayyan,15.1718,44.3244,61.93,34,3,5.01,YE,2022-08-30 01:37:06
166,Aklavik,68.2191,-135.0107,55.33,60,25,2.68,CA,2022-08-30 01:37:06
167,Bamnet Narong,15.4992,101.6897,82.87,72,97,4.5,TH,2022-08-30 01:37:06
168,Ancud,-41.8697,-73.8203,44.55,84,100,0.6,CL,2022-08-30 01:37:07
169,Ahipara,-35.1667,173.1667,58.3,68,45,9.8,NZ,2022-08-30 01:37:07
170,Thompson,55.7435,-97.8558,60.96,63,20,9.22,CA,2022-08-30 01:37:08
171,Jiwani,25.05,61.7417,79.39,80,99,6.91,PK,2022-08-30 01:37:08
172,Padang,-0.9492,100.3543,73.45,83,100,1.9,ID,2022-08-30 01:37:08
173,Port Alfred,-33.5906,26.891,53.19,78,100,7.0,ZA,2022-08-30 01:37:09
174,Civitanova Marche,43.307,13.7206,73.18,81,0,3.0,IT,2022-08-30 01:38:09
175,Tual,-5.6667,132.75,80.17,83,56,17.69,ID,2022-08-30 01:38:10
176,Narsaq,60.9167,-46.05,43.02,91,99,4.59,GL,2022-08-30 01:38:10
177,Meulaboh,4.1363,96.1285,76.98,89,100,4.0,ID,2022-08-30 01:38:10
178,Port Shepstone,-30.7414,30.455,58.44,60,96,27.4,ZA,2022-08-30 01:38:11
179,Timbiqui,2.7717,-77.6654,75.47,90,51,1.28,CO,2022-08-30 01:38:11
180,Saskylakh,71.9167,114.0833,47.79,63,100,8.23,RU,2022-08-30 01:38:12
181,Rio Gallegos,-51.6226,-69.2181,42.85,87,0,4.61,AR,2022-08-30 01:38:12
182,Pangnirtung,66.1451,-65.7125,43.56,62,28,6.06,CA,2022-08-30 01:38:12
183,Zhangjiakou,40.81,114.8794,69.17,55,0,3.56,CN,2022-08-30 01:38:13
184,Yamunanagar,30.1,77.2833,78.44,88,5,4.85,IN,2022-08-30 01:38:13
185,Shitanjing,39.2342,106.3439,69.76,34,0,9.4,CN,2022-08-30 01:38:14
186,Margate,51.3813,1.3862,64.87,79,100,8.01,GB,2022-08-30 01:38:14
187,Nuuk,64.1835,-51.7216,40.87,93,100,11.01,GL,2022-08-30 01:36:52
188,Fort Erie,42.9001,-78.9329,78.75,78,75,12.66,CA,2022-08-30 01:37:55
189,Namikupa,-10.8333,39.6,61.11,97,0,0.47,TZ,2022-08-30 01:38:15
190,Cherskiy,68.75,161.3,52.16,49,32,14.45,RU,2022-08-30 01:38:15
191,Ponta Do Sol,32.6667,-17.1,70.43,72,3,4.85,PT,2022-08-30 01:38:16
192,Yaan,7.3833,8.5667,70.77,96,38,2.53,NG,2022-08-30 01:38:16
193,Boa Esperanca,-21.09,-45.5658,54.43,82,67,8.57,BR,2022-08-30 01:38:16
194,Yabelo,4.8833,38.0833,62.2,61,90,5.59,ET,2022-08-30 01:38:17
195,Fare,-16.7,-151.0167,78.28,72,7,9.13,PF,2022-08-30 01:38:17
196,Evensk,61.95,159.2333,52.63,89,100,2.62,RU,2022-08-30 01:38:18
197,Pontianak,-0.0333,109.3333,76.98,94,75,0.0,ID,2022-08-30 01:38:18
198,Zhigansk,66.7697,123.3711,52.65,70,9,8.63,RU,2022-08-30 01:38:18
199,Montlucon,46.3333,2.6,68.7,73,100,6.69,FR,2022-08-30 01:38:19
200,Saint George,37.1041,-113.5841,100.99,19,0,6.91,US,2022-08-30 01:38:19
201,Lanzhou,36.0564,103.7922,63.07,60,74,2.3,CN,2022-08-30 01:38:19
202,Namtsy,62.7161,129.6658,48.96,92,100,5.57,RU,2022-08-30 01:38:20
203,Kushiro,42.975,144.3747,68.95,88,75,2.3,JP,2022-08-30 01:38:20
204,Vanavara,60.34,102.2797,36.3,89,100,17.11,RU,2022-08-30 01:38:21
205,Shelbyville,35.4834,-86.4603,81.03,59,75,9.22,US,2022-08-30 01:34:42
206,Dingle,10.9995,122.6711,84.4,75,100,3.13,PH,2022-08-30 01:38:21
207,Mangit,40.5971,70.9607,73.85,23,46,1.83,UZ,2022-08-30 01:38:22
208,Lokosovo,61.1333,74.8167,57.56,89,95,8.1,RU,2022-08-30 01:38:22
209,Muroto,33.2833,134.15,81.93,81,98,14.92,JP,2022-08-30 01:38:22
210,Cap-Aux-Meules,47.3821,-61.8597,69.82,83,40,9.22,CA,2022-08-30 01:38:23
211,Maragogi,-9.0122,-35.2225,71.8,87,14,7.92,BR,2022-08-30 01:38:23
212,Kruisfontein,-34.0033,24.7314,50.23,66,100,8.19,ZA,2022-08-30 01:38:24
213,Am Timan,11.0297,20.2827,68.92,97,99,1.43,TD,2022-08-30 01:38:24
214,Cayenne,4.9333,-52.3333,78.84,89,0,4.61,GF,2022-08-30 01:38:25
215,Boa Vista,2.8197,-60.6733,75.18,88,75,2.3,BR,2022-08-30 01:38:25
216,Laramie,41.3114,-105.5911,75.58,26,0,6.91,US,2022-08-30 01:38:25
217,Chicama,-7.8447,-79.1469,57.74,79,70,5.77,PE,2022-08-30 01:38:26
218,Shimoda,34.6667,138.95,73.76,75,78,11.72,JP,2022-08-30 01:38:26
219,Biltine,14.5333,20.9167,76.48,73,78,2.06,TD,2022-08-30 01:38:27
220,Cidreira,-30.1811,-50.2056,51.53,79,53,6.22,BR,2022-08-30 01:38:27
221,Mirnyy,62.5353,113.9611,44.24,93,100,15.99,RU,2022-08-30 01:38:27
222,Walvis Bay,-22.9575,14.5053,49.15,87,0,6.91,NA,2022-08-30 01:39:28
223,Kharp,66.8014,65.8081,46.56,87,100,10.22,RU,2022-08-30 01:39:28
224,Madang,-5.2246,145.7966,78.75,88,99,1.66,PG,2022-08-30 01:39:29
225,Palmer,42.1584,-72.3287,78.4,77,20,12.66,US,2022-08-30 01:39:29
226,Mayo,38.8876,-76.5119,83.17,84,0,9.22,US,2022-08-30 01:39:29
227,Alugan,12.2188,125.4808,84.47,72,100,5.37,PH,2022-08-30 01:39:30
228,Sola,-13.8833,167.55,79.66,75,39,25.46,VU,2022-08-30 01:39:30
229,Katobu,-4.9408,122.5276,85.32,60,71,5.99,ID,2022-08-30 01:39:31
230,Zhongxing,33.7039,118.6792,67.03,93,100,11.3,CN,2022-08-30 01:39:31
231,Poum,-20.2333,164.0167,74.14,62,51,15.41,NC,2022-08-30 01:39:32
232,Te Anau,-45.4167,167.7167,54.16,63,88,5.61,NZ,2022-08-30 01:39:32
233,Yumen,40.2833,97.2,70.88,30,34,3.71,CN,2022-08-30 01:39:32
234,Asyut,27.181,31.1837,82.58,55,1,14.52,EG,2022-08-30 01:39:33
235,Wencheng,33.0559,113.7978,63.05,93,100,5.06,CN,2022-08-30 01:39:33
236,Kumluca,36.3703,30.2869,78.53,50,0,3.47,TR,2022-08-30 01:39:34
237,Dzhebariki-Khaya,62.2167,135.8,67.1,38,19,3.06,RU,2022-08-30 01:39:34
238,Batagay-Alyta,67.8006,130.4114,49.77,68,100,2.62,RU,2022-08-30 01:39:34
239,Karratha,-20.7377,116.8463,77.16,22,79,17.81,AU,2022-08-30 01:39:35
240,Ilo,-17.6394,-71.3375,59.16,85,29,5.93,PE,2022-08-30 01:39:35
241,Batemans Bay,-35.7167,150.1833,64.09,36,4,12.48,AU,2022-08-30 01:39:36
242,Hit,33.6416,42.8251,90.97,14,0,9.95,IQ,2022-08-30 01:39:36
243,Severo-Kurilsk,50.6789,156.125,54.28,89,100,12.53,RU,2022-08-30 01:39:36
244,Clarence Town,-32.5833,151.7833,72.61,53,87,6.17,AU,2022-08-30 01:39:37
245,Pirapora Do Bom Jesus,-23.3969,-47.0022,56.01,84,89,12.5,BR,2022-08-30 01:39:37
246,Oktyabrskoye,43.0645,44.7417,62.74,100,0,0.0,RU,2022-08-30 01:39:37
247,Emba,48.8264,58.1442,70.99,34,3,2.24,KZ,2022-08-30 01:39:38
248,Along,28.1667,94.7667,76.77,98,99,0.36,IN,2022-08-30 01:39:38
249,Pundaguitan,6.3711,126.1689,82.63,73,99,6.33,PH,2022-08-30 01:39:39
250,Ostrovskoye,57.8057,42.2433,63.68,47,84,2.91,RU,2022-08-30 01:39:39
251,Vardo,70.3705,31.1107,42.78,81,40,12.66,NO,2022-08-30 01:39:40
252,Sisimiut,66.9395,-53.6735,42.53,86,7,9.95,GL,2022-08-30 01:39:40
253,Kalmunai,7.4167,81.8167,81.79,73,99,3.91,LK,2022-08-30 01:39:40
254,Neiafu,-18.65,-173.9833,83.08,69,40,5.75,TO,2022-08-30 01:39:41
255,Portland,45.5234,-122.6762,93.18,38,75,9.22,US,2022-08-30 01:38:30
256,Salinas,36.6777,-121.6555,71.8,62,0,12.66,US,2022-08-30 01:39:41
257,Sharjah,25.3573,55.4033,87.78,79,0,5.75,AE,2022-08-30 01:39:42
258,Wagar,16.1525,36.2032,86.32,48,55,8.19,SD,2022-08-30 01:39:42
259,Aswan,24.0934,32.907,92.5,33,0,8.05,EG,2022-08-30 01:39:42
260,Kranea Elassonos,39.9483,21.9658,60.64,75,42,4.76,GR,2022-08-30 01:39:43
261,Porto Murtinho,-21.6989,-57.8825,62.02,37,100,7.05,BR,2022-08-30 01:39:43
262,Axim,4.8699,-2.2405,73.29,94,7,5.7,GH,2022-08-30 01:39:44
263,Okha,53.5739,142.9478,68.32,59,2,11.03,RU,2022-08-30 01:39:44
264,Broome,42.2506,-75.833,79.0,89,75,0.0,US,2022-08-30 01:39:44
265,Gushikawa,26.3544,127.8686,89.19,70,40,8.05,JP,2022-08-30 01:39:45
266,Kyren,51.6828,102.1408,55.22,62,87,5.3,RU,2022-08-30 01:39:45
267,San Cristobal,7.7669,-72.225,77.18,91,60,1.63,VE,2022-08-30 01:39:46
268,Okhotsk,59.3833,143.3,64.72,54,0,10.16,RU,2022-08-30 01:40:46
269,Clyde River,70.4692,-68.5914,37.63,93,100,17.27,CA,2022-08-30 01:40:46
270,Genhe,50.7833,121.5167,55.83,84,100,2.84,CN,2022-08-30 01:40:47
271,Trincomalee,8.5711,81.2335,79.88,77,15,7.4,LK,2022-08-30 01:40:47
272,Dhidhdhoo,6.8833,73.1,81.14,80,99,19.13,MV,2022-08-30 01:40:48
273,Darnah,32.767,22.6367,77.9,78,0,10.71,LY,2022-08-30 01:40:48
274,Sovetskiy,61.3614,63.5842,62.64,74,79,7.96,RU,2022-08-30 01:40:49
275,Bac Lieu,9.285,105.7244,84.9,74,55,7.31,VN,2022-08-30 01:40:49
276,Lompoc,34.6391,-120.4579,76.01,60,0,11.5,US,2022-08-30 01:40:49
277,Sebinkarahisar,40.2883,38.4236,61.25,73,0,1.59,TR,2022-08-30 01:40:50
278,Mount Isa,-20.7333,139.5,71.37,73,100,10.36,AU,2022-08-30 01:40:50
279,Kaya,13.0917,-1.0844,76.51,82,40,5.55,BF,2022-08-30 01:40:51
280,Casper,42.8666,-106.3131,81.19,22,0,5.75,US,2022-08-30 01:38:27
281,Honavar,14.2833,74.45,77.74,91,100,6.96,IN,2022-08-30 01:40:51
282,Whitehorse,60.7161,-135.0538,64.02,49,75,18.41,CA,2022-08-30 01:40:41
283,Kifri,34.6959,44.9661,90.68,12,0,7.34,IQ,2022-08-30 01:40:52
284,Iqaluit,63.7506,-68.5145,40.73,86,75,5.75,CA,2022-08-30 01:40:52
285,Zaozerne,45.1582,33.2787,75.31,60,0,7.54,UA,2022-08-30 01:40:52
286,Pathein,16.7833,94.7333,83.1,80,85,0.81,MM,2022-08-30 01:40:53
287,Broken Hill,-31.95,141.4333,58.42,48,0,16.4,AU,2022-08-30 01:40:53
288,Kargil,34.5667,76.1,53.31,61,0,5.19,IN,2022-08-30 01:40:53
289,Avera,33.194,-82.5271,75.54,87,0,6.22,US,2022-08-30 01:40:54
290,Turan,16.0678,108.2208,87.78,70,20,2.3,VN,2022-08-30 01:40:35
291,Shahrud,36.4182,54.9763,63.7,42,0,4.47,IR,2022-08-30 01:40:54
292,Tessalit,20.1986,1.0114,88.88,36,28,2.73,ML,2022-08-30 01:40:55
293,Abaza,52.655,90.0928,62.71,52,55,3.78,RU,2022-08-30 01:40:55
294,Hofn,64.2539,-15.2082,52.52,96,100,2.59,IS,2022-08-30 01:40:56
295,Strezhevoy,60.7333,77.5889,50.86,78,100,7.31,RU,2022-08-30 01:40:56
296,Boende,-0.2167,20.8667,69.48,99,100,2.71,CD,2022-08-30 01:40:57
297,Narrabri,-30.3167,149.7833,65.52,68,100,7.0,AU,2022-08-30 01:40:57
298,Biak,-0.9131,122.8766,80.29,80,96,6.35,ID,2022-08-30 01:40:57
299,Namibe,-15.1961,12.1522,64.09,92,82,2.24,AO,2022-08-30 01:40:58
300,Hay River,60.8156,-115.7999,58.98,82,75,5.75,CA,2022-08-30 01:40:58
301,Boshnyakovo,49.6333,142.1667,64.63,69,100,12.37,RU,2022-08-30 01:40:59
302,Haines Junction,60.7522,-137.5108,58.95,67,97,2.3,CA,2022-08-30 01:40:59
303,Belaya Gora,68.5333,146.4167,55.13,49,91,8.88,RU,2022-08-30 01:41:00
304,Gemena,3.25,19.7667,68.2,99,99,1.39,CD,2022-08-30 01:41:00
305,Kloulklubed,7.0419,134.2556,86.5,73,40,11.5,PW,2022-08-30 01:41:00
306,Kiruna,67.8557,20.2251,41.92,93,100,3.44,SE,2022-08-30 01:41:01
307,Tautira,-17.7333,-149.15,77.31,76,54,11.61,PF,2022-08-30 01:41:01
308,Hokitika,-42.7167,170.9667,53.01,78,100,2.46,NZ,2022-08-30 01:41:02
309,Norden,53.6,7.2,59.95,81,84,9.44,DE,2022-08-30 01:41:02
310,Lorengau,-2.0226,147.2712,83.53,74,100,9.17,PG,2022-08-30 01:41:03
311,Isla Vista,34.4133,-119.861,77.99,68,0,11.5,US,2022-08-30 01:41:03
312,Coihaique,-45.5752,-72.0662,41.61,65,0,11.5,CL,2022-08-30 01:40:49
313,Mataram,-8.5833,116.1167,83.21,67,93,11.27,ID,2022-08-30 01:42:03
314,Ixtapa,20.7,-105.2,83.43,84,100,8.05,MX,2022-08-30 01:42:04
315,Omboue,-1.5746,9.2618,74.19,85,97,7.02,GA,2022-08-30 01:42:04
316,Andilamena,-17.0167,48.5833,59.05,93,100,1.92,MG,2022-08-30 01:42:05
317,Olutanga,7.3106,122.8464,81.03,75,85,3.94,PH,2022-08-30 01:42:05
318,Salalah,17.0151,54.0924,77.09,88,75,8.05,OM,2022-08-30 01:42:07
319,Turukhansk,65.8167,87.9833,40.42,65,85,8.5,RU,2022-08-30 01:42:07
320,Sobolevo,54.4299,31.8996,60.4,84,83,5.5,RU,2022-08-30 01:42:08
321,Dicabisagan,17.0818,122.4157,85.48,71,100,3.67,PH,2022-08-30 01:42:08
322,Sao Joao Da Barra,-21.6403,-41.0511,64.6,72,87,18.63,BR,2022-08-30 01:42:08
323,Langham,52.3668,-106.9679,78.64,46,21,6.35,CA,2022-08-30 01:42:09
324,Romitan,39.9343,64.3814,62.55,59,0,2.3,UZ,2022-08-30 01:42:09
325,Hami,42.8,93.45,79.25,17,1,11.43,CN,2022-08-30 01:42:10
326,Werda,-25.2667,23.2833,56.01,17,0,10.27,BW,2022-08-30 01:42:10
327,Alyangula,-13.8483,136.4192,82.56,68,19,13.29,AU,2022-08-30 01:42:10
328,Moberly,39.4184,-92.4382,75.67,75,0,4.61,US,2022-08-30 01:42:11
329,Ajaccio,42.0,8.9167,68.05,83,0,6.91,FR,2022-08-30 01:42:13
330,Ilabaya,-17.4208,-70.5133,65.28,43,0,0.96,PE,2022-08-30 01:42:14
331,Dong Hoi,17.4833,106.6,86.5,70,100,2.66,VN,2022-08-30 01:42:14
332,Juruti,-2.1522,-56.0922,78.28,57,62,2.24,BR,2022-08-30 01:42:14
333,Kautokeino,69.0125,23.0412,35.33,91,92,6.38,NO,2022-08-30 01:42:15
334,Vao,-22.6667,167.4833,68.94,62,57,18.41,NC,2022-08-30 01:42:15
335,Pasighat,28.0667,95.3333,77.09,97,100,0.43,IN,2022-08-30 01:42:16
336,Ramanathapuram,9.3833,78.8333,83.17,69,14,4.32,IN,2022-08-30 01:42:16
337,Tougan,13.0667,-3.0667,74.91,87,66,4.52,BF,2022-08-30 01:38:32
338,Sangin,32.0728,64.8359,79.45,15,0,1.57,AF,2022-08-30 01:42:17
339,Havre-Saint-Pierre,50.2334,-63.5986,59.36,88,100,2.3,CA,2022-08-30 01:42:17
340,Sao Joao Batista,-27.2761,-48.8494,57.02,91,84,2.19,BR,2022-08-30 01:42:17
341,Libertador General San Martin,-23.8064,-64.7876,53.67,39,0,3.67,AR,2022-08-30 01:42:18
342,Natal,-5.795,-35.2094,75.42,88,20,4.61,BR,2022-08-30 01:39:46
343,Alta Floresta,-9.8756,-56.0861,80.04,28,100,3.02,BR,2022-08-30 01:42:18
344,Dauphin,51.1494,-100.0502,66.34,63,0,8.05,CA,2022-08-30 01:42:19
345,Kaitangata,-46.2817,169.8464,55.74,55,22,2.98,NZ,2022-08-30 01:42:19
346,Misratah,32.3754,15.0925,81.37,71,0,6.85,LY,2022-08-30 01:42:20
347,Balabac,7.9868,117.0645,83.84,68,100,5.14,PH,2022-08-30 01:42:20
348,Maceio,-9.6658,-35.7353,71.04,94,20,2.3,BR,2022-08-30 01:38:19
349,Pevek,69.7008,170.3133,38.98,77,49,8.23,RU,2022-08-30 01:42:20
350,Faya,18.3851,42.4509,62.71,31,0,5.21,SA,2022-08-30 01:42:21
351,Zhurivka,50.5028,31.7849,64.69,81,18,7.4,UA,2022-08-30 01:42:21
352,Krasnoselkup,65.7,82.4667,40.17,89,100,15.21,RU,2022-08-30 01:42:22
353,Tiznit,29.5833,-9.5,80.55,45,14,5.44,MA,2022-08-30 01:42:22
354,Tuy Hoa,13.0833,109.3,86.31,67,26,2.26,VN,2022-08-30 01:40:22
355,Ellsworth,44.5434,-68.4195,70.29,96,100,11.5,US,2022-08-30 01:41:47
356,Hirara,24.8,125.2833,89.46,79,40,9.22,JP,2022-08-30 01:42:23
357,Larsnes,62.2028,5.5773,54.45,88,74,11.65,NO,2022-08-30 01:42:23
358,Tallahassee,30.4383,-84.2807,80.44,92,40,8.05,US,2022-08-30 01:39:38
359,Rio Grande,-32.035,-52.0986,39.94,72,13,8.05,BR,2022-08-30 01:43:24
360,Wilmington,34.2257,-77.9447,76.91,89,0,1.99,US,2022-08-30 01:41:24
361,Visnes,59.3556,5.2242,54.21,93,3,5.75,NO,2022-08-30 01:43:24
362,Mangrol,21.1167,70.1167,79.2,78,27,2.82,IN,2022-08-30 01:43:24
363,Sorong,-0.8833,131.25,81.68,77,99,5.06,ID,2022-08-30 01:43:25
364,Klyuchi,52.2667,79.1667,64.04,37,61,4.74,RU,2022-08-30 01:43:25
365,Aden,12.7794,45.0367,82.83,89,12,9.6,YE,2022-08-30 01:43:26
366,Korla,41.7597,86.1469,77.45,28,51,2.3,CN,2022-08-30 01:43:26
367,Ormara,25.2088,64.6357,79.29,82,99,9.86,PK,2022-08-30 01:43:27
368,Machaneng,-23.1862,27.4886,64.71,34,0,6.67,BW,2022-08-30 01:43:27
369,Port Hardy,50.6996,-127.4199,73.58,60,40,12.66,CA,2022-08-30 01:43:27
370,Luganville,-15.5333,167.1667,80.62,70,51,14.58,VU,2022-08-30 01:43:28
371,Lamar,33.6668,-95.5836,82.98,74,0,10.36,US,2022-08-30 01:43:28
372,Borovoy,55.4333,86.0833,60.08,100,40,4.47,RU,2022-08-30 01:43:28
373,Ugoofaaru,5.6667,73.0,81.34,82,100,17.54,MV,2022-08-30 01:43:29
374,Casablanca,33.5928,-7.6192,73.33,78,100,8.99,MA,2022-08-30 01:43:29
375,Guarda,40.5373,-7.2658,56.07,88,41,1.43,PT,2022-08-30 01:43:30
376,Rabat,33.9911,-6.8401,70.16,94,40,5.75,MA,2022-08-30 01:38:51
377,Zarubino,42.63,131.0922,68.14,74,33,3.65,RU,2022-08-30 01:43:30
378,Lasa,46.6166,10.7002,59.86,86,11,2.21,IT,2022-08-30 01:43:31
379,Atar,20.5169,-13.0499,82.15,62,100,5.32,MR,2022-08-30 01:43:31
380,Yura,-16.2522,-71.6797,57.72,21,0,0.0,PE,2022-08-30 01:43:31
381,Pontes E Lacerda,-15.2261,-59.3353,69.33,49,27,3.8,BR,2022-08-30 01:43:32
382,Nguruka,-5.1092,31.0419,67.6,60,28,2.53,TZ,2022-08-30 01:43:32
383,Ghanzi,-21.5667,21.7833,61.27,28,0,7.18,BW,2022-08-30 01:43:33
384,Tigre,-34.426,-58.5796,55.4,69,0,5.75,AR,2022-08-30 01:43:33
385,Yar-Sale,66.8333,70.8333,50.63,94,100,12.91,RU,2022-08-30 01:43:33
386,Barquisimeto,10.0739,-69.3228,75.83,94,96,10.36,VE,2022-08-30 01:43:34
387,Harper,4.375,-7.7169,75.7,81,96,7.54,LR,2022-08-30 01:43:34
388,Grindavik,63.8424,-22.4338,55.35,100,100,32.21,IS,2022-08-30 01:43:35
389,Elie,56.1926,-2.8223,57.49,83,100,6.31,GB,2022-08-30 01:43:35
390,Kabo,7.6994,18.629,68.58,94,100,1.05,CF,2022-08-30 01:43:36
391,Liwonde,-15.0506,35.2035,64.99,45,0,2.08,MW,2022-08-30 01:43:36
392,Prince Rupert,54.3161,-130.3201,60.89,100,100,21.85,CA,2022-08-30 01:39:40
393,Xining,36.6167,101.7667,52.92,78,100,0.56,CN,2022-08-30 01:40:11
394,Karaman,37.0833,33.25,68.81,35,0,7.43,TR,2022-08-30 01:43:37
395,Calama,-22.4667,-68.9333,50.49,8,5,13.8,CL,2022-08-30 01:43:37
396,Tibati,6.4667,12.6333,63.88,98,100,1.19,CM,2022-08-30 01:43:37
397,Jicin,50.4372,15.3516,59.13,83,20,2.24,CZ,2022-08-30 01:43:38
398,Zyryanovsk,49.7386,84.2719,61.41,42,0,0.69,KZ,2022-08-30 01:43:38
399,Ambilobe,-13.2,49.05,64.2,92,70,3.74,MG,2022-08-30 01:43:39
400,Lerwick,60.1545,-1.1494,51.8,66,100,12.1,GB,2022-08-30 01:43:39
401,Mount Gambier,-37.8333,140.7667,50.2,69,100,11.21,AU,2022-08-30 01:43:39
402,Lebu,-37.6167,-73.65,49.14,87,100,3.11,CL,2022-08-30 01:43:40
403,Abengourou,6.7297,-3.4964,69.46,96,34,2.15,CI,2022-08-30 01:43:40
404,Saint-Pierre,-21.3393,55.4781,69.48,85,100,3.44,RE,2022-08-30 01:43:41
405,Hue,16.4667,107.6,84.31,79,20,2.3,VN,2022-08-30 01:40:28
406,Belmonte,-15.8631,-38.8828,69.89,87,100,11.03,BR,2022-08-30 01:43:41
407,Phalodi,27.1333,72.3667,83.19,67,34,7.54,IN,2022-08-30 01:44:42
408,New Plymouth,-39.0667,174.0833,52.32,49,2,4.83,NZ,2022-08-30 01:44:42
409,Lewisville,33.0462,-96.9942,91.17,61,40,9.22,US,2022-08-30 01:40:00
410,Santo Domingo,18.5001,-69.9886,81.93,87,40,0.0,DO,2022-08-30 01:42:56
411,Komsomolskiy,40.4272,71.7189,66.92,39,1,4.61,UZ,2022-08-30 01:44:43
412,Ippy,6.2679,21.2247,65.26,98,97,2.28,CF,2022-08-30 01:44:43
413,Tha Bo,17.85,102.5814,87.69,74,20,2.3,TH,2022-08-30 01:44:43
414,Iskandar,41.5539,69.7008,67.05,21,0,5.35,UZ,2022-08-30 01:44:44
415,Vredendal,-31.6683,18.5012,51.64,48,0,17.63,ZA,2022-08-30 01:44:44
416,Lamesa,32.7376,-101.951,75.13,65,50,17.13,US,2022-08-30 01:44:45
417,Bintulu,3.1667,113.0333,82.81,83,40,1.14,MY,2022-08-30 01:44:45
418,Charters Towers,-20.1,146.2667,70.41,70,100,15.21,AU,2022-08-30 01:44:45
419,Zhezkazgan,47.8043,67.7144,57.18,33,0,6.71,KZ,2022-08-30 01:44:46
420,Kutum,14.2,24.6667,73.53,65,5,10.13,SD,2022-08-30 01:44:46
421,Berlevag,70.8578,29.0864,44.55,76,100,18.41,NO,2022-08-30 01:44:47
422,Vanimo,-2.6741,141.3028,84.97,65,70,7.02,PG,2022-08-30 01:44:47
423,Nantucket,41.2835,-70.0995,75.31,94,0,10.36,US,2022-08-30 01:44:48
424,Panzhihua,26.5851,101.7128,76.91,79,100,1.79,CN,2022-08-30 01:44:48
425,Vila Franca Do Campo,37.7167,-25.4333,72.19,82,11,3.06,PT,2022-08-30 01:42:16
426,The Valley,18.217,-63.0578,84.09,81,9,19.37,AI,2022-08-30 01:44:48
427,Coruripe,-10.1256,-36.1756,72.23,84,17,9.98,BR,2022-08-30 01:44:49
428,Freeport,40.6576,-73.5832,79.16,84,40,16.11,US,2022-08-30 01:44:49
429,Netrakona,24.8833,90.7167,85.15,73,57,4.97,BD,2022-08-30 01:44:50
430,Ambovombe,-25.1667,46.0833,63.79,84,0,5.82,MG,2022-08-30 01:44:50
431,Kampene,-3.6,26.6667,67.01,96,100,1.23,CD,2022-08-30 01:44:50
432,Pedernales,18.0384,-71.744,81.99,73,99,5.1,DO,2022-08-30 01:44:51
433,Mezhdurechensk,53.6942,88.0603,56.14,72,99,1.72,RU,2022-08-30 01:44:51
434,Turayf,31.6725,38.6637,77.25,25,0,6.91,SA,2022-08-30 01:44:51
435,Birjand,32.8663,59.2211,52.27,20,0,6.91,IR,2022-08-30 01:44:52
436,Kozyatyn,49.7143,28.8339,60.01,92,46,6.98,UA,2022-08-30 01:44:52
437,Jacareacanga,-6.2222,-57.7528,77.4,38,99,2.21,BR,2022-08-30 01:44:53
438,Vostok,46.4856,135.8833,63.09,61,60,4.23,RU,2022-08-30 01:44:53
439,Mwinilunga,-11.7358,24.4293,59.67,39,7,2.42,ZM,2022-08-30 01:44:53
440,Esperance,-33.8667,121.9,56.39,60,3,7.05,AU,2022-08-30 01:44:54
441,Lata,40.1629,-8.3327,56.97,93,5,2.26,PT,2022-08-30 01:44:54
442,Baykit,61.67,96.37,37.78,94,100,13.09,RU,2022-08-30 01:44:55
443,Takoradi,4.8845,-1.7554,72.93,94,6,6.04,GH,2022-08-30 01:44:55
444,Gurlan,41.8447,60.3919,66.11,37,0,8.63,UZ,2022-08-30 01:44:55
445,Viedma,-40.8135,-62.9967,58.17,27,79,22.01,AR,2022-08-30 01:44:56
446,Dasoguz,41.8363,59.9666,66.15,45,0,4.61,TM,2022-08-30 01:44:56
447,Brae,60.3964,-1.353,54.03,65,100,10.67,GB,2022-08-30 01:44:57
448,Mahajanga,-15.7167,46.3167,69.82,88,20,1.14,MG,2022-08-30 01:44:57
449,Zholymbet,51.7433,71.7122,63.46,42,5,4.54,KZ,2022-08-30 01:44:57
450,Quelimane,-17.8786,36.8883,66.15,94,20,0.0,MZ,2022-08-30 01:44:58
451,Zorgo,12.2489,-0.6158,75.24,85,100,6.46,BF,2022-08-30 01:44:58
452,Sao Gabriel Da Cachoeira,-0.1303,-67.0892,70.72,99,100,2.17,BR,2022-08-30 01:44:59
453,Hongjiang,27.11,109.9956,84.74,69,100,3.78,CN,2022-08-30 01:44:59
454,Houma,29.5958,-90.7195,81.0,91,100,0.0,US,2022-08-30 01:43:34
455,Paraiso,9.8383,-83.8656,64.96,96,100,1.23,CR,2022-08-30 01:45:00
456,Kaseda,31.4167,130.3167,87.51,66,54,7.81,JP,2022-08-30 01:46:01
457,Luderitz,-26.6481,15.1594,59.45,37,0,3.8,NA,2022-08-30 01:46:01
458,Sembe,1.6481,14.5806,69.42,97,100,2.06,CG,2022-08-30 01:46:02
459,Richards Bay,-28.783,32.0377,59.99,81,100,19.89,ZA,2022-08-30 01:46:02
460,Peleduy,59.6289,112.7406,43.11,80,72,17.45,RU,2022-08-30 01:46:03
461,Tettnang,47.6667,9.6,62.51,88,7,3.44,DE,2022-08-30 01:46:03
462,Taltal,-25.4,-70.4833,57.76,77,4,3.36,CL,2022-08-30 01:46:04
463,Marau,-28.4492,-52.2,39.36,92,8,7.4,BR,2022-08-30 01:46:04
464,Yulara,-25.2406,130.9889,63.32,28,0,18.25,AU,2022-08-30 01:46:05
465,Trelew,-43.249,-65.3051,59.65,23,100,9.95,AR,2022-08-30 01:43:35
466,Grand-Lahou,5.1367,-5.0242,72.41,95,17,6.42,CI,2022-08-30 01:46:05
467,Ewa Beach,21.3156,-158.0072,87.17,56,75,16.11,US,2022-08-30 01:46:06
468,Mamou,10.5,-12.0,65.95,99,93,5.5,GN,2022-08-30 01:46:06
469,Christchurch,-43.5333,172.6333,58.91,60,4,3.0,NZ,2022-08-30 01:44:58
470,San Rafael,-34.6177,-68.3301,54.21,26,0,13.6,AR,2022-08-30 01:46:07
471,Pacific Grove,36.6177,-121.9166,69.48,75,0,10.36,US,2022-08-30 01:43:27
472,Guayaramerin,-10.8368,-65.3614,71.17,49,70,3.53,BO,2022-08-30 01:46:07
473,Yeniseysk,58.4497,92.1703,44.26,60,56,4.5,RU,2022-08-30 01:46:08
474,Altus,34.6381,-99.334,78.87,73,0,5.75,US,2022-08-30 01:46:08
475,Skagen,57.7209,10.5839,62.89,53,1,6.53,DK,2022-08-30 01:46:08
476,Coffs Harbour,-30.3,153.1333,68.13,60,100,12.66,AU,2022-08-30 01:46:09
477,Jaciara,-15.9653,-54.9683,77.63,48,4,9.64,BR,2022-08-30 01:46:09
478,Savannakhet,16.566,104.751,84.22,74,40,2.3,LA,2022-08-30 01:46:10
479,Shingu,33.7333,135.9833,80.42,87,99,9.31,JP,2022-08-30 01:46:10
480,Northam,51.0333,-4.2167,61.39,83,2,13.04,GB,2022-08-30 01:46:10
481,Tabas,33.5959,56.9244,75.42,12,0,4.61,IR,2022-08-30 01:46:11
482,Kibala,9.1104,18.3463,69.51,98,100,0.38,TD,2022-08-30 01:46:11
483,Gizo,-8.103,156.8419,83.59,73,98,7.81,SB,2022-08-30 01:46:12
484,Marawi,7.9986,124.2928,81.0,63,96,3.56,PH,2022-08-30 01:46:12
485,Lakes Entrance,-37.8811,147.981,62.17,48,24,11.43,AU,2022-08-30 01:46:13
486,Douglas,41.3,-96.167,78.31,61,0,0.0,US,2022-08-30 01:46:13
487,Langsa,4.4683,97.9683,79.56,80,84,3.56,ID,2022-08-30 01:46:13
488,Tobol,52.6844,62.5794,65.44,51,6,4.7,KZ,2022-08-30 01:46:14
489,Acarau,-2.8856,-40.12,77.63,85,18,14.81,BR,2022-08-30 01:46:14
490,Aba,5.1066,7.3667,72.66,96,79,4.56,NG,2022-08-30 01:46:15
491,Coquimbo,-29.9533,-71.3436,53.33,93,20,8.05,CL,2022-08-30 01:46:15
492,Tiarei,-17.5333,-149.3333,80.62,76,34,8.9,PF,2022-08-30 01:46:15
493,Fenoarivo,-18.933,47.4354,57.27,94,40,4.61,MG,2022-08-30 01:46:16
494,Dhadar,28.3305,75.0632,86.14,54,30,5.35,IN,2022-08-30 01:46:16
495,Lipari,38.4674,14.954,74.32,64,0,5.93,IT,2022-08-30 01:46:17
496,Constitucion,-35.3333,-72.4167,51.33,94,74,6.06,CL,2022-08-30 01:46:17
497,Westport,41.1415,-73.3579,78.03,87,0,8.01,US,2022-08-30 01:45:37
498,Beni Suef,29.0731,31.0979,78.12,72,0,15.35,EG,2022-08-30 01:46:18
499,Aykhal,66.0,111.5,37.74,98,100,21.14,RU,2022-08-30 01:46:18
500,Safidon,29.4167,76.6667,81.01,80,12,5.12,IN,2022-08-30 01:47:18
501,Bud,39.447,-86.1758,73.89,85,39,7.74,US,2022-08-30 01:47:19
502,Jieshi,22.8134,115.8257,84.22,73,3,1.54,CN,2022-08-30 01:47:19
503,Stromness,58.965,-3.296,51.76,71,74,10.16,GB,2022-08-30 01:47:20
504,Bilibino,68.0546,166.4372,45.36,67,100,8.75,RU,2022-08-30 01:46:13
505,Hot Springs,34.5037,-93.0552,85.35,75,20,9.22,US,2022-08-30 01:46:41
506,Marzuq,14.4,46.4667,77.94,60,31,4.74,YE,2022-08-30 01:47:20
507,Ostrovnoy,68.0531,39.5131,47.23,76,98,22.64,RU,2022-08-30 01:47:21
508,Sinnamary,5.3833,-52.95,78.76,85,92,7.02,GF,2022-08-30 01:47:21
509,Henties Bay,-22.116,14.2845,52.57,88,0,3.02,NA,2022-08-30 01:47:22
510,Mrakovo,52.7161,56.6244,59.76,58,27,2.55,RU,2022-08-30 01:47:22
511,Moose Factory,51.2585,-80.6094,75.2,78,100,8.05,CA,2022-08-30 01:47:23
512,Hernani,43.2662,-1.9762,73.0,84,0,4.61,ES,2022-08-30 01:47:23
513,Bojnurd,37.4747,57.329,53.55,35,0,2.3,IR,2022-08-30 01:44:35
514,Rocha,-34.4833,-54.3333,39.56,87,0,5.77,UY,2022-08-30 01:42:26
515,Cambridge,43.3601,-80.3127,77.76,86,100,13.8,CA,2022-08-30 01:46:35
516,Celestun,20.8667,-90.4,82.04,81,2,16.73,MX,2022-08-30 01:47:24
517,Bam,29.106,58.357,75.78,10,0,7.0,IR,2022-08-30 01:47:24
518,Koumac,-20.5667,164.2833,76.32,57,38,8.08,NC,2022-08-30 01:47:25
519,Bantogon,6.5333,124.0333,81.88,70,100,1.5,PH,2022-08-30 01:47:25
520,Ambulu,-8.345,113.6058,80.89,74,91,5.26,ID,2022-08-30 01:47:25
521,Maneadero,31.7167,-116.5667,72.1,80,22,5.99,MX,2022-08-30 01:47:26
522,San Policarpo,12.1791,125.5072,84.29,73,100,5.41,PH,2022-08-30 01:47:22
523,Kimbe,-5.5502,150.1429,90.23,54,91,6.11,PG,2022-08-30 01:47:26
524,Vesoul,47.5833,5.8333,61.61,83,73,5.06,FR,2022-08-30 01:47:27
525,Le Port,-20.9373,55.2919,69.8,87,28,5.12,RE,2022-08-30 01:47:27
526,Santa Ana,33.7456,-117.8678,88.41,65,0,9.22,US,2022-08-30 01:47:27
527,Lalmohan,22.3384,90.7419,84.65,73,58,2.64,BD,2022-08-30 01:47:28
528,Denpasar,-8.65,115.2167,80.26,88,40,12.66,ID,2022-08-30 01:42:36
529,Gorodishche,48.8045,44.4744,68.88,37,0,11.18,RU,2022-08-30 01:47:28
530,Grand Gaube,-20.0064,57.6608,66.6,79,7,3.0,MU,2022-08-30 01:47:29
531,Palauig,15.435,119.9045,84.33,72,97,3.8,PH,2022-08-30 01:47:29
532,Porto Santo,33.072,-16.3415,68.38,73,20,3.44,PT,2022-08-30 01:47:30
533,Wawa,9.9022,4.4192,71.73,95,100,3.76,NG,2022-08-30 01:47:30
534,Egvekinot,66.3167,-179.1667,44.87,91,100,9.98,RU,2022-08-30 01:47:30
535,Ulaangom,49.9811,92.0667,62.33,35,2,1.19,MN,2022-08-30 01:47:31
536,Port-Cartier,50.0334,-66.8654,76.68,96,100,6.35,CA,2022-08-30 01:47:31
537,Kavieng,-2.5744,150.7967,84.9,69,31,10.09,PG,2022-08-30 01:47:31
538,Helena,46.5927,-112.0361,85.19,25,0,5.75,US,2022-08-30 01:47:32
539,Cassilandia,-19.1133,-51.7342,72.79,46,87,12.71,BR,2022-08-30 01:47:32
540,High Level,58.5169,-117.136,73.51,53,75,6.91,CA,2022-08-30 01:47:33
541,Gimbi,9.1667,35.8333,53.17,97,81,3.11,ET,2022-08-30 01:47:33
542,Liku,-0.7275,119.8922,83.75,72,100,0.89,ID,2022-08-30 01:47:34
543,Nador,35.174,-2.9287,77.25,94,100,2.3,MA,2022-08-30 01:47:34
544,San Lawrenz,36.0553,14.204,74.61,69,0,6.49,MT,2022-08-30 01:47:34
545,Salina Cruz,16.1667,-95.2,80.85,78,28,3.36,MX,2022-08-30 01:47:35
546,Verkhoyansk,67.5447,133.385,63.91,40,81,5.57,RU,2022-08-30 01:47:35
547,Bridlington,54.0831,-0.1919,54.52,68,10,11.74,GB,2022-08-30 01:48:36
548,Uyutne,45.1994,33.3014,74.46,59,0,7.34,UA,2022-08-30 01:48:36
549,Zhongshu,24.5167,103.7667,71.24,80,100,6.11,CN,2022-08-30 01:48:36
550,Wiang Sa,8.6359,99.3666,81.9,77,18,1.01,TH,2022-08-30 01:48:37
551,Kralendijk,12.15,-68.2667,84.18,79,0,11.5,BQ,2022-08-30 01:44:20
552,Ayagoz,47.9714,80.4392,61.5,40,0,13.13,KZ,2022-08-30 01:48:37
553,Sann,26.0418,68.1378,81.72,80,68,5.77,PK,2022-08-30 01:48:38
554,Amahai,-3.3333,128.9167,80.49,81,95,4.85,ID,2022-08-30 01:47:14
555,Roald,62.5833,6.1333,51.94,87,98,20.71,NO,2022-08-30 01:48:38
556,Bahia Blanca,-38.7196,-62.2724,56.14,21,2,18.01,AR,2022-08-30 01:48:39
557,Swan River,52.1058,-101.2676,67.89,52,1,6.91,CA,2022-08-30 01:48:39
558,Engerwitzdorf,48.3451,14.442,65.01,90,93,1.5,AT,2022-08-30 01:48:40
559,Moree,-29.4667,149.85,67.5,63,100,11.99,AU,2022-08-30 01:48:40
560,Basco,20.4487,121.9702,84.81,71,11,4.79,PH,2022-08-30 01:48:40
561,Saint Anthony,45.0205,-93.218,73.53,58,20,11.5,US,2022-08-30 01:45:01
562,Paulo Afonso,-9.4061,-38.2147,66.63,91,10,9.04,BR,2022-08-30 01:48:41
563,Sinnai,39.3042,9.2036,74.46,77,0,4.61,IT,2022-08-30 01:48:41
564,Greenfield,42.9614,-88.0126,76.48,66,55,4.0,US,2022-08-30 01:45:01
565,Ukiah,39.1502,-123.2078,91.29,27,0,9.22,US,2022-08-30 01:48:42
566,Coolum Beach,-26.5333,153.1,70.11,76,100,7.9,AU,2022-08-30 01:48:42
567,Waipawa,-41.4122,175.5153,54.36,54,3,5.23,NZ,2022-08-30 01:48:43
568,Ust-Nera,64.5667,143.2,60.67,45,9,2.37,RU,2022-08-30 01:48:43
569,La Tuque,47.4334,-72.7824,73.65,94,62,3.44,CA,2022-08-30 01:48:43
570,Batagay,67.6333,134.6333,63.72,39,81,5.44,RU,2022-08-30 01:48:44
571,Diego De Almagro,-26.3667,-70.05,57.97,38,0,0.85,CL,2022-08-30 01:48:44
572,Leh,34.1667,77.5833,58.17,51,3,5.68,IN,2022-08-30 01:48:45
